Login,Avatar,Url
amoreno94,https://avatars0.githubusercontent.com/u/59616998?v=4,https://github.com/amoreno94
Anapaotrev,https://avatars0.githubusercontent.com/u/23621205?v=4,https://github.com/Anapaotrev
ArmHMM,https://avatars3.githubusercontent.com/u/7843939?v=4,https://github.com/ArmHMM
billyabm,https://avatars2.githubusercontent.com/u/11687501?v=4,https://github.com/billyabm
braulioY2J,https://avatars2.githubusercontent.com/u/59617222?v=4,https://github.com/braulioY2J
champi64,https://avatars0.githubusercontent.com/u/8905077?v=4,https://github.com/champi64
CharlieIGG,https://avatars1.githubusercontent.com/u/14896457?v=4,https://github.com/CharlieIGG
cIvanrc,https://avatars0.githubusercontent.com/u/29314633?v=4,https://github.com/cIvanrc
daniraVazquezC,https://avatars2.githubusercontent.com/u/48737374?v=4,https://github.com/daniraVazquezC
danlozano,https://avatars3.githubusercontent.com/u/2406956?v=4,https://github.com/danlozano
dantesoy,https://avatars0.githubusercontent.com/u/23320708?v=4,https://github.com/dantesoy
dcantu96,https://avatars2.githubusercontent.com/u/32658690?v=4,https://github.com/dcantu96
edolopez,https://avatars2.githubusercontent.com/u/234660?v=4,https://github.com/edolopez
eldelentes,https://avatars0.githubusercontent.com/u/1761145?v=4,https://github.com/eldelentes
elgringoregio,https://avatars1.githubusercontent.com/u/15632889?v=4,https://github.com/elgringoregio
Francisvl94,https://avatars2.githubusercontent.com/u/32045127?v=4,https://github.com/Francisvl94
houndci-bot,https://avatars0.githubusercontent.com/u/6697940?v=4,https://github.com/houndci-bot
icalia-bot,https://avatars1.githubusercontent.com/u/31455643?v=4,https://github.com/icalia-bot
JahlHernandez,https://avatars2.githubusercontent.com/u/13035651?v=4,https://github.com/JahlHernandez
joseantoniordlmc,https://avatars0.githubusercontent.com/u/1084720?v=4,https://github.com/joseantoniordlmc
jossbur,https://avatars2.githubusercontent.com/u/17032461?v=4,https://github.com/jossbur
jpmdo,https://avatars2.githubusercontent.com/u/37350829?v=4,https://github.com/jpmdo
KevinMichelle,https://avatars2.githubusercontent.com/u/8392940?v=4,https://github.com/KevinMichelle
KingDavid2,https://avatars2.githubusercontent.com/u/4808479?v=4,https://github.com/KingDavid2
kurenn,https://avatars0.githubusercontent.com/u/236312?v=4,https://github.com/kurenn
lgevaldez,https://avatars3.githubusercontent.com/u/28072181?v=4,https://github.com/lgevaldez
mart1nez94,https://avatars1.githubusercontent.com/u/19857546?v=4,https://github.com/mart1nez94
miguejs,https://avatars1.githubusercontent.com/u/9428793?v=4,https://github.com/miguejs
poacosta,https://avatars0.githubusercontent.com/u/10746837?v=4,https://github.com/poacosta
Poetickz,https://avatars1.githubusercontent.com/u/32653902?v=4,https://github.com/Poetickz
